{
  "title": "mpx文档",
  "author": "滴滴出行webapp团队",
  "description": "mpx是一款增强型小程序框架，极致性能优化，提供双向数据绑定，样式绑定，方法内联传参等方便开发者使用的特性。",
  "structure": {
    "readme": "intro"
  },
  "plugins": ["github", "edit-link", "anchors", "copy-code-button", "github-buttons", "expandable-chapters-small", "insert-logo", "custom-favicon"],
  "pluginsConfig": {
    "favicon": "favicon.ico",
    "github": {
      "url": "https://github.com/didi/mpx"
    },
    "edit-link": {
      "base": "https://github.com/didi/mpx/tree/master/docs",
      "label": "完善文档"
    },
    "github-buttons": {
      "buttons": [{
        "user" : "didi",
        "repo" : "mpx",
        "type" : "star",
        "size" : "small",
        "count": true
      }, {
        "user" : "didi",
        "repo" : "mpx",
        "type" : "fork",
        "size" : "small",
        "count": true
      }]
    },
    "insert-logo": {
      "url": "https://dpubstatic.udache.com/static/dpubimg/cd8de8e4-e4f4-4f0a-9c53-f833bc30ba69.png",
      "style": "background: none; width: 200px"
    }
  }
}
